﻿{
  "itemNameKey": "plentifulseas.famished_sunfish.name",
  "itemDescriptionKey": "plentifulseas.famished_sunfish.desc",
  "itemType": "GENERAL",
  "itemSubtype": "FISH",
  "sprite": "plentifulseas.famished_sunfish",
  "itemColor": {
    "r": 136,
    "g": 0,
    "b": 76,
    "a": 255
  },
  "tooltipTextColor": {
    "r": 136,
    "g": 0,
    "b": 76,
    "a": 255
  },
  "squishFactor": 0,
  "value": 65,
  "dimensions": [
    "X  ",
	"XXX",
	"X  "
  ],
  "zonesFoundIn": "OPEN_OCEAN",
  "day": true,
  "night": false,
  "minSizeCentimeters": 70,
  "maxSizeCentimeters": 100,
  "harvestMinigameType": "FISHING_BALL_CATCHER",
  "perSpotMin": 1,
  "perSpotMax": 3,
  "harvestPOICategory": "FISH_LARGE",
  "harvestableType": "OCEANIC",
  "harvestDifficulty": "HARD",
  "isAberration": true,
  "nonAberrationParent": "plentifulseas.slender_sunfish",
  "canBeCaughtByRod": true,
  "canBeCaughtByNet": true
}

