﻿{
  "itemNameKey": "plentifulseas.dickinsonia.name",
  "itemDescriptionKey": "plentifulseas.dickinsonia.desc",
  "itemType": "GENERAL",
  "itemSubtype": "FISH",
  "sprite": "plentifulseas.dickinsonia",
  "itemColor": {
    "r": 255,
    "g": 197,
    "b": 96,
    "a": 10
  },
  "tooltipTextColor": {
    "r": 122,
    "g": 96,
    "b": 71,
    "a": 255
  },
  "squishFactor": 1,
  "value": 27,
  "dimensions": [
    "XX",
	"XX"
  ],
  "zonesFoundIn": "STELLAR_BASIN",
  "day": true,
  "night": true,
  "minSizeCentimeters": 2,
  "maxSizeCentimeters": 140,
  "harvestMinigameType": "FISHING_PENDULUM",
  "perSpotMin": 2,
  "perSpotMax": 5,
  "harvestPOICategory": "FISH_LARGE",
  "harvestableType": "CRAB",
  "harvestDifficulty": "MEDIUM",
  "aberrations": ["plentifulseas.dorceless_one"],
  "canBeCaughtByRod": false,
  "canBeCaughtByPot": true,
  "canBeCaughtByNet": false
}

