﻿{
  "itemNameKey": "plentifulseas.blob_sculpin.name",
  "itemDescriptionKey": "plentifulseas.blob_sculpin.desc",
  "itemType": "GENERAL",
  "itemSubtype": "FISH",
  "sprite": "plentifulseas.blob_sculpin",
  "itemColor": {
    "r": 255,
    "g": 197,
    "b": 96,
    "a": 10
  },
  "tooltipTextColor": {
    "r": 122,
    "g": 96,
    "b": 71,
    "a": 255
  },
  "squishFactor": 0.7,
  "value": 30,
  "dimensions": [
    "XXX"
  ],
  "zonesFoundIn": "OPEN_OCEAN",
  "day": true,
  "night": true,
  "minSizeCentimeters": 30,
  "maxSizeCentimeters": 70,
  "harvestMinigameType": "FISHING_RADIAL",
  "perSpotMin": 3,
  "perSpotMax": 5,
  "harvestPOICategory": "FISH_SMALL",
  "harvestableType": "ABYSSAL",
  "harvestDifficulty": "MEDIUM",
  "aberrations": ["plentifulseas.living_trauma"],
  "canBeCaughtByRod": true,
  "canBeCaughtByNet": true
}

