﻿{
  "itemNameKey": "plentifulseas.hyolithid.name",
  "itemDescriptionKey": "plentifulseas.hyolithid.desc",
  "itemType": "GENERAL",
  "itemSubtype": "FISH",
  "sprite": "plentifulseas.hyolithid",
  "itemColor": {
    "r": 255,
    "g": 197,
    "b": 96,
    "a": 10
  },
  "tooltipTextColor": {
    "r": 122,
    "g": 96,
    "b": 71,
    "a": 255
  },
  "squishFactor": 0,
  "value": 12,
  "dimensions": [
    "XX"
  ],
  "zonesFoundIn": "DEVILS_SPINE",
  "day": true,
  "night": true,
  "minSizeCentimeters": 1,
  "maxSizeCentimeters": 4,
  "harvestMinigameType": "FISHING_RADIAL",
  "perSpotMin": 3,
  "perSpotMax": 5,
  "harvestPOICategory": "FISH_SMALL",
  "harvestableType": "CRAB",
  "harvestDifficulty": "HARD",
  "aberrations": ["plentifulseas.scraping_scrap"],
  "canBeCaughtByRod": false,
  "canBeCaughtByPot": true,
  "canBeCaughtByNet": false
}

