﻿{
  "itemNameKey": "plentifulseas.pyramid_butterfly.name",
  "itemDescriptionKey": "plentifulseas.pyramid_butterfly.desc",
  "itemType": "GENERAL",
  "itemSubtype": "FISH",
  "sprite": "plentifulseas.pyramid_butterfly",
  "itemColor": {
    "r": 255,
    "g": 197,
    "b": 96,
    "a": 10
  },
  "tooltipTextColor": {
    "r": 122,
    "g": 96,
    "b": 71,
    "a": 255
  },
  "squishFactor": 0.7,
  "value": 6,
  "dimensions": [
    "X"
  ],
  "zonesFoundIn": "STELLAR_BASIN",
  "day": true,
  "night": true,
  "minSizeCentimeters": 12,
  "maxSizeCentimeters": 18,
  "harvestMinigameType": "FISHING_RADIAL",
  "perSpotMin": 4,
  "perSpotMax": 7,
  "harvestPOICategory": "FISH_SMALL",
  "harvestableType": "COASTAL",
  "harvestDifficulty": "MEDIUM",
  "aberrations": ["plentifulseas.finality", "plentifulseas.swimming_sickle"],
  "canBeCaughtByRod": true,
  "canBeCaughtByNet": true
}

