﻿{
  "itemNameKey": "plentifulseas.etched_cysts.name",
  "itemDescriptionKey": "plentifulseas.etched_cysts.desc",
  "itemType": "GENERAL",
  "itemSubtype": "FISH",
  "sprite": "plentifulseas.etched_cysts",
  "itemColor": {
    "r": 136,
    "g": 0,
    "b": 76,
    "a": 255
  },
  "tooltipTextColor": {
    "r": 136,
    "g": 0,
    "b": 76,
    "a": 255
  },
  "squishFactor": 0,
  "value": 55,
  "dimensions": [
    "XX",
	"XX"
  ],
  "zonesFoundIn": "GALE_CLIFFS",
  "day": true,
  "night": true,
  "minSizeCentimeters": 2,
  "maxSizeCentimeters": 11,
  "harvestMinigameType": "FISHING_PENDULUM",
  "perSpotMin": 2,
  "perSpotMax": 5,
  "harvestPOICategory": "FISH_SMALL",
  "harvestableType": "COASTAL",
  "harvestDifficulty": "MEDIUM",
  "isAberration": true,
  "nonAberrationParent": "plentifulseas.etacystis",
  "canBeCaughtByRod": true,
  "canBeCaughtByNet": true
}

