﻿{
  "itemNameKey": "plentifulseas.dorceless_one.name",
  "itemDescriptionKey": "plentifulseas.dorceless_one.desc",
  "itemType": "GENERAL",
  "itemSubtype": "FISH",
  "sprite": "plentifulseas.dorceless_one",
  "itemColor": {
    "r": 136,
    "g": 0,
    "b": 76,
    "a": 255
  },
  "tooltipTextColor": {
    "r": 136,
    "g": 0,
    "b": 76,
    "a": 255
  },
  "squishFactor": 1,
  "value": 65,
  "dimensions": [
    "XX",
	"XX"
  ],
  "zonesFoundIn": "STELLAR_BASIN",
  "day": true,
  "night": true,
  "minSizeCentimeters": 2,
  "maxSizeCentimeters": 140,
  "harvestMinigameType": "FISHING_PENDULUM",
  "perSpotMin": 2,
  "perSpotMax": 5,
  "harvestPOICategory": "FISH_LARGE",
  "harvestableType": "CRAB",
  "harvestDifficulty": "MEDIUM",
  "isAberration": true,
  "nonAberrationParent": "plentifulseas.dickinsonia",
  "canBeCaughtByRod": false,
  "canBeCaughtByPot": true,
  "canBeCaughtByNet": false
}

