﻿{
  "itemNameKey": "plentifulseas.beeps_boops.name",
  "itemDescriptionKey": "plentifulseas.beeps_boops.desc",
  "itemType": "GENERAL",
  "itemSubtype": "FISH",
  "sprite": "plentifulseas.beeps_boops",
  "itemColor": {
    "r": 136,
    "g": 0,
    "b": 76,
    "a": 255
  },
  "tooltipTextColor": {
    "r": 136,
    "g": 0,
    "b": 76,
    "a": 255
  },
  "squishFactor": 0,
  "value": 25,
  "dimensions": [
    "XX"
  ],
  "zonesFoundIn": "THE_MARROWS",
  "day": true,
  "night": true,
  "minSizeCentimeters": 19,
  "maxSizeCentimeters": 36,
  "harvestMinigameType": "FISHING_RADIAL",
  "perSpotMin": 3,
  "perSpotMax": 5,
  "harvestPOICategory": "FISH_SMALL",
  "harvestableType": "COASTAL",
  "harvestDifficulty": "EASY",
  "isAberration": true,
  "nonAberrationParent": "plentifulseas.boops_boops",
  "canBeCaughtByRod": true,
  "canBeCaughtByNet": true
}

