﻿{
  "itemNameKey": "plentifulseas.living_trauma.name",
  "itemDescriptionKey": "plentifulseas.living_trauma.desc",
  "itemType": "GENERAL",
  "itemSubtype": "FISH",
  "sprite": "plentifulseas.living_trauma",
  "itemColor": {
    "r": 136,
    "g": 0,
    "b": 76,
    "a": 255
  },
  "tooltipTextColor": {
    "r": 136,
    "g": 0,
    "b": 76,
    "a": 255
  },
  "squishFactor": 1,
  "value": 60,
  "dimensions": [
    "XXX"
  ],
  "zonesFoundIn": "OPEN_OCEAN",
  "day": true,
  "night": true,
  "minSizeCentimeters": 30,
  "maxSizeCentimeters": 70,
  "harvestMinigameType": "FISHING_RADIAL",
  "perSpotMin": 3,
  "perSpotMax": 5,
  "harvestPOICategory": "FISH_SMALL",
  "harvestableType": "ABYSSAL",
  "harvestDifficulty": "MEDIUM",
  "isAberration": true,
  "nonAberrationParent": "plentifulseas.blob_sculpin",
  "canBeCaughtByRod": true,
  "canBeCaughtByNet": true
}

